id	replicate	gDNA	ATAC	H3K27ac
genomic_random_01	1	47	18	36
genomic_random_02	1	65	52	64
genomic_random_03	1	43	8	9
genomic_random_04	1	27	24	25
genomic_random_05	1	118	81	58
genomic_random_06	1	22	8	7
genomic_random_07	1	93	39	49
genomic_random_08	1	88	37	67
genomic_random_09	1	174	78	53
genomic_random_10	1	33	34	24
genomic_random_11	1	41	22	45
genomic_random_12	1	47	21	19
genomic_random_13	1	53	36	45
genomic_random_14	1	120	74	50
genomic_random_15	1	110	56	46
genomic_random_16	1	174	93	131
genomic_random_17	1	65	47	38
genomic_random_18	1	208	48	72
genomic_random_19	1	39	29	54
genomic_random_20	1	84	30	27
genomic_random_21	1	138	63	80
genomic_random_22	1	83	47	31
genomic_random_23	1	85	10	61
genomic_random_24	1	80	24	23
genomic_random_25	1	40	34	20
genomic_random_26	1	11	10	1
genomic_random_27	1	104	53	98
genomic_random_28	1	285	73	92
genomic_random_29	1	44	24	4
genomic_random_30	1	58	24	38
genomic_random_31	1	30	1	24
genomic_random_32	1	48	12	28
genomic_random_33	1	66	37	35
genomic_random_34	1	48	18	39
genomic_random_35	1	23	25	31
genomic_random_36	1	30	19	15
genomic_random_37	1	127	62	65
genomic_random_38	1	165	95	102
genomic_random_39	1	132	55	80
genomic_random_40	1	118	55	42
genomic_random_41	1	164	73	65
genomic_random_42	1	55	14	19
genomic_random_43	1	130	89	35
genomic_random_44	1	23	0	5
genomic_random_45	1	118	55	74
genomic_random_46	1	63	44	35
genomic_random_47	1	101	26	54
genomic_random_48	1	99	37	44
genomic_random_49	1	112	51	38
genomic_random_50	1	19	15	13
SLEA_top_01	1	148	315	156
SLEA_top_02	1	117	353	100
SLEA_top_03	1	68	260	74
SLEA_top_04	1	224	512	199
SLEA_top_05	1	104	287	112
SLEA_top_06	1	207	394	229
SLEA_top_07	1	63	159	77
SLEA_top_08	1	116	150	89
SLEA_top_09	1	143	225	151
SLEA_top_10	1	109	119	119
SLEA_top_11	1	103	299	102
SLEA_top_12	1	40	214	54
SLEA_top_13	1	137	176	67
SLEA_top_14	1	123	131	84
SLEA_top_15	1	91	341	80
SLEA_top_16	1	67	191	97
SLEA_top_17	1	224	406	225
SLEA_top_18	1	195	140	106
SLEA_top_19	1	110	218	143
SLEA_top_20	1	156	260	154
SLEA_top_21	1	89	115	81
SLEA_top_22	1	117	233	109
SLEA_top_23	1	71	117	36
SLEA_top_24	1	204	330	133
SLEA_top_25	1	69	121	47
SLEA_top_26	1	155	183	169
SLEA_top_27	1	74	241	105
SLEA_top_28	1	100	233	118
SLEA_top_29	1	225	125	140
SLEA_top_30	1	126	209	53
SLEA_top_31	1	120	381	123
SLEA_top_32	1	118	145	65
SLEA_top_33	1	203	269	205
SLEA_top_34	1	200	290	141
SLEA_top_35	1	169	154	105
SLEA_top_36	1	73	221	113
SLEA_top_37	1	159	263	166
SLEA_top_38	1	81	121	77
SLEA_top_39	1	47	104	36
SLEA_top_40	1	24	65	17
SLEA_top_41	1	138	142	121
SLEA_top_42	1	129	379	118
SLEA_top_43	1	104	288	105
SLEA_top_44	1	75	252	75
SLEA_top_45	1	113	216	143
SLEA_top_46	1	125	93	88
SLEA_top_47	1	98	115	137
SLEA_top_48	1	95	124	112
SLEA_top_49	1	82	341	85
SLEA_top_50	1	95	288	92
SLEA_bottom_01	1	134	85	65
SLEA_bottom_02	1	81	63	29
SLEA_bottom_03	1	89	103	108
SLEA_bottom_04	1	54	73	38
SLEA_bottom_05	1	70	81	65
SLEA_bottom_06	1	106	306	78
SLEA_bottom_07	1	97	180	102
SLEA_bottom_08	1	96	114	121
SLEA_bottom_09	1	104	80	84
SLEA_bottom_10	1	99	77	90
SLEA_bottom_11	1	105	74	95
SLEA_bottom_12	1	115	188	92
SLEA_bottom_13	1	156	238	250
SLEA_bottom_14	1	135	151	99
SLEA_bottom_15	1	129	141	95
SLEA_bottom_16	1	108	90	72
SLEA_bottom_17	1	148	213	203
SLEA_bottom_18	1	118	68	94
SLEA_bottom_19	1	172	251	255
SLEA_bottom_20	1	72	100	41
SLEA_bottom_21	1	92	124	87
SLEA_bottom_22	1	90	109	86
SLEA_bottom_23	1	151	109	105
SLEA_bottom_24	1	119	72	74
SLEA_bottom_25	1	109	113	82
SLEA_bottom_26	1	126	260	132
SLEA_bottom_27	1	154	90	101
SLEA_bottom_28	1	109	167	90
SLEA_bottom_29	1	109	66	90
SLEA_bottom_30	1	63	141	77
SLEA_bottom_31	1	120	37	65
SLEA_bottom_32	1	143	206	176
SLEA_bottom_33	1	108	180	92
SLEA_bottom_34	1	102	97	73
SLEA_bottom_35	1	126	83	61
SLEA_bottom_36	1	96	119	72
SLEA_bottom_37	1	137	145	63
SLEA_bottom_38	1	137	106	97
SLEA_bottom_39	1	196	180	109
SLEA_bottom_40	1	61	80	43
SLEA_bottom_41	1	48	19	30
SLEA_bottom_42	1	50	61	77
SLEA_bottom_43	1	118	76	100
SLEA_bottom_44	1	73	87	77
SLEA_bottom_45	1	87	146	88
SLEA_bottom_46	1	125	68	85
SLEA_bottom_47	1	103	323	79
SLEA_bottom_48	1	43	57	36
SLEA_bottom_49	1	160	91	98
SLEA_bottom_50	1	116	270	126
DNasePeakNoPromoter_lowest_01	1	128	74	44
DNasePeakNoPromoter_lowest_02	1	353	190	89
DNasePeakNoPromoter_lowest_03	1	78	69	32
DNasePeakNoPromoter_lowest_04	1	108	94	17
DNasePeakNoPromoter_lowest_05	1	86	92	41
DNasePeakNoPromoter_lowest_06	1	239	100	65
DNasePeakNoPromoter_lowest_07	1	24	11	8
DNasePeakNoPromoter_lowest_08	1	71	79	11
DNasePeakNoPromoter_lowest_09	1	105	84	33
DNasePeakNoPromoter_lowest_10	1	66	50	27
DNasePeakNoPromoter_lowest_11	1	104	39	21
DNasePeakNoPromoter_lowest_12	1	59	26	20
DNasePeakNoPromoter_lowest_13	1	38	11	11
DNasePeakNoPromoter_lowest_14	1	137	101	65
DNasePeakNoPromoter_lowest_15	1	218	102	125
DNasePeakNoPromoter_lowest_16	1	202	78	81
DNasePeakNoPromoter_lowest_17	1	26	19	1
DNasePeakNoPromoter_lowest_18	1	85	81	40
DNasePeakNoPromoter_lowest_19	1	280	111	83
DNasePeakNoPromoter_lowest_20	1	47	33	4
DNasePeakNoPromoter_lowest_21	1	58	33	26
DNasePeakNoPromoter_lowest_22	1	28	19	6
DNasePeakNoPromoter_lowest_23	1	141	80	39
DNasePeakNoPromoter_lowest_24	1	136	45	19
DNasePeakNoPromoter_lowest_25	1	19	21	23
DNasePeakNoPromoter_lowest_26	1	19	13	0
DNasePeakNoPromoter_lowest_27	1	131	55	19
DNasePeakNoPromoter_lowest_28	1	102	68	38
DNasePeakNoPromoter_lowest_29	1	129	42	72
DNasePeakNoPromoter_lowest_30	1	163	77	37
DNasePeakNoPromoter_lowest_31	1	97	45	21
DNasePeakNoPromoter_lowest_32	1	88	53	26
DNasePeakNoPromoter_lowest_33	1	155	68	71
DNasePeakNoPromoter_lowest_34	1	115	81	77
DNasePeakNoPromoter_lowest_35	1	21	18	20
DNasePeakNoPromoter_lowest_36	1	117	68	25
DNasePeakNoPromoter_lowest_37	1	98	43	44
DNasePeakNoPromoter_lowest_38	1	132	64	69
DNasePeakNoPromoter_lowest_39	1	46	29	31
DNasePeakNoPromoter_lowest_40	1	139	26	12
DNasePeakNoPromoter_lowest_41	1	68	52	16
DNasePeakNoPromoter_lowest_42	1	45	15	24
DNasePeakNoPromoter_lowest_43	1	225	58	94
DNasePeakNoPromoter_lowest_44	1	94	44	40
DNasePeakNoPromoter_lowest_45	1	100	64	57
DNasePeakNoPromoter_lowest_46	1	53	46	16
DNasePeakNoPromoter_lowest_47	1	40	12	0
DNasePeakNoPromoter_lowest_48	1	130	49	28
DNasePeakNoPromoter_lowest_49	1	143	94	29
DNasePeakNoPromoter_lowest_50	1	110	25	36
DNasePeakNoPromoter_01	1	101	79	64
DNasePeakNoPromoter_02	1	107	86	81
DNasePeakNoPromoter_03	1	204	111	93
DNasePeakNoPromoter_04	1	108	63	77
DNasePeakNoPromoter_05	1	120	123	100
DNasePeakNoPromoter_06	1	100	97	68
DNasePeakNoPromoter_07	1	62	44	48
DNasePeakNoPromoter_08	1	140	139	123
DNasePeakNoPromoter_09	1	129	74	140
DNasePeakNoPromoter_10	1	92	56	57
DNasePeakNoPromoter_11	1	77	76	71
DNasePeakNoPromoter_12	1	168	85	90
DNasePeakNoPromoter_13	1	61	40	44
DNasePeakNoPromoter_14	1	191	88	94
DNasePeakNoPromoter_15	1	109	69	78
DNasePeakNoPromoter_16	1	114	46	82
DNasePeakNoPromoter_17	1	115	63	51
DNasePeakNoPromoter_18	1	64	36	33
DNasePeakNoPromoter_19	1	97	46	63
DNasePeakNoPromoter_20	1	102	50	40
DNasePeakNoPromoter_21	1	70	45	12
DNasePeakNoPromoter_22	1	95	61	31
DNasePeakNoPromoter_23	1	126	65	69
DNasePeakNoPromoter_24	1	118	52	87
DNasePeakNoPromoter_25	1	93	67	72
DNasePeakNoPromoter_26	1	276	174	258
DNasePeakNoPromoter_27	1	165	114	91
DNasePeakNoPromoter_28	1	101	56	28
DNasePeakNoPromoter_29	1	35	22	37
DNasePeakNoPromoter_30	1	83	40	45
DNasePeakNoPromoter_31	1	71	16	25
DNasePeakNoPromoter_32	1	70	101	88
DNasePeakNoPromoter_33	1	155	93	137
DNasePeakNoPromoter_34	1	103	32	58
DNasePeakNoPromoter_35	1	94	65	72
DNasePeakNoPromoter_36	1	94	22	36
DNasePeakNoPromoter_37	1	149	153	27
DNasePeakNoPromoter_38	1	66	30	19
DNasePeakNoPromoter_39	1	128	34	51
DNasePeakNoPromoter_40	1	60	17	49
DNasePeakNoPromoter_41	1	0	0	0
DNasePeakNoPromoter_42	1	150	61	76
DNasePeakNoPromoter_43	1	98	72	101
DNasePeakNoPromoter_44	1	109	151	96
DNasePeakNoPromoter_45	1	34	44	14
DNasePeakNoPromoter_46	1	156	92	113
DNasePeakNoPromoter_47	1	71	70	16
DNasePeakNoPromoter_48	1	118	96	90
DNasePeakNoPromoter_49	1	100	159	84
DNasePeakNoPromoter_50	1	299	216	227
DNasePeakNoPromoter_51	1	97	76	78
DNasePeakNoPromoter_52	1	159	90	76
DNasePeakNoPromoter_53	1	53	39	45
DNasePeakNoPromoter_54	1	220	131	120
DNasePeakNoPromoter_55	1	124	68	60
DNasePeakNoPromoter_56	1	120	90	97
DNasePeakNoPromoter_57	1	98	72	116
DNasePeakNoPromoter_58	1	65	116	87
DNasePeakNoPromoter_59	1	223	176	238
DNasePeakNoPromoter_60	1	115	149	118
DNasePeakNoPromoter_61	1	87	99	88
DNasePeakNoPromoter_62	1	92	38	104
DNasePeakNoPromoter_63	1	131	27	23
DNasePeakNoPromoter_64	1	72	93	126
DNasePeakNoPromoter_65	1	119	58	43
DNasePeakNoPromoter_66	1	48	64	23
DNasePeakNoPromoter_67	1	101	156	96
DNasePeakNoPromoter_68	1	106	47	28
DNasePeakNoPromoter_69	1	28	12	28
DNasePeakNoPromoter_70	1	76	86	53
DNasePeakNoPromoter_71	1	58	57	26
DNasePeakNoPromoter_72	1	106	107	45
DNasePeakNoPromoter_73	1	222	194	174
DNasePeakNoPromoter_74	1	102	49	34
DNasePeakNoPromoter_75	1	144	135	152
DNasePeakNoPromoter_76	1	94	82	64
DNasePeakNoPromoter_77	1	131	82	94
DNasePeakNoPromoter_78	1	82	30	46
DNasePeakNoPromoter_79	1	98	59	66
DNasePeakNoPromoter_80	1	102	77	58
DNasePeakNoPromoter_81	1	216	211	183
DNasePeakNoPromoter_82	1	245	226	134
DNasePeakNoPromoter_83	1	140	121	63
DNasePeakNoPromoter_84	1	38	40	8
DNasePeakNoPromoter_85	1	144	223	105
DNasePeakNoPromoter_86	1	136	108	96
DNasePeakNoPromoter_87	1	102	72	89
DNasePeakNoPromoter_88	1	103	110	78
DNasePeakNoPromoter_89	1	116	90	112
DNasePeakNoPromoter_90	1	77	33	17
DNasePeakNoPromoter_91	1	124	58	67
DNasePeakNoPromoter_92	1	146	309	114
DNasePeakNoPromoter_93	1	179	168	125
DNasePeakNoPromoter_94	1	46	65	62
DNasePeakNoPromoter_95	1	77	51	58
DNasePeakNoPromoter_96	1	186	91	132
DNasePeakNoPromoter_97	1	80	60	78
DNasePeakNoPromoter_98	1	122	78	68
DNasePeakNoPromoter_99	1	108	84	64
DNasePeakNoPromoter_100	1	100	60	49
DNasePeakNoPromoter_01_shuffled	1	163	82	61
DNasePeakNoPromoter_02_shuffled	1	67	36	20
DNasePeakNoPromoter_03_shuffled	1	88	36	54
DNasePeakNoPromoter_04_shuffled	1	82	22	54
DNasePeakNoPromoter_05_shuffled	1	77	41	31
DNasePeakNoPromoter_06_shuffled	1	83	40	57
DNasePeakNoPromoter_07_shuffled	1	82	36	20
DNasePeakNoPromoter_08_shuffled	1	58	31	17
DNasePeakNoPromoter_09_shuffled	1	96	73	34
DNasePeakNoPromoter_10_shuffled	1	71	39	42
DNasePeakNoPromoter_11_shuffled	1	124	37	34
DNasePeakNoPromoter_12_shuffled	1	65	64	60
DNasePeakNoPromoter_13_shuffled	1	176	53	41
DNasePeakNoPromoter_14_shuffled	1	79	22	30
DNasePeakNoPromoter_15_shuffled	1	61	17	14
DNasePeakNoPromoter_16_shuffled	1	99	38	67
DNasePeakNoPromoter_17_shuffled	1	42	20	45
DNasePeakNoPromoter_18_shuffled	1	61	37	28
DNasePeakNoPromoter_19_shuffled	1	69	28	20
DNasePeakNoPromoter_20_shuffled	1	17	14	1
DNasePeakNoPromoter_21_shuffled	1	97	45	51
DNasePeakNoPromoter_22_shuffled	1	119	61	53
DNasePeakNoPromoter_23_shuffled	1	54	30	66
DNasePeakNoPromoter_24_shuffled	1	23	4	9
DNasePeakNoPromoter_25_shuffled	1	112	16	62
DNasePeakNoPromoter_26_shuffled	1	198	102	81
DNasePeakNoPromoter_27_shuffled	1	113	61	40
DNasePeakNoPromoter_28_shuffled	1	22	20	18
DNasePeakNoPromoter_29_shuffled	1	94	65	57
DNasePeakNoPromoter_30_shuffled	1	67	70	31
DNasePeakNoPromoter_31_shuffled	1	42	14	31
DNasePeakNoPromoter_32_shuffled	1	27	19	20
DNasePeakNoPromoter_33_shuffled	1	124	56	38
DNasePeakNoPromoter_34_shuffled	1	99	39	54
DNasePeakNoPromoter_35_shuffled	1	50	26	8
DNasePeakNoPromoter_36_shuffled	1	40	4	10
DNasePeakNoPromoter_37_shuffled	1	95	48	17
DNasePeakNoPromoter_38_shuffled	1	35	18	34
DNasePeakNoPromoter_39_shuffled	1	76	17	27
DNasePeakNoPromoter_40_shuffled	1	79	35	68
DNasePeakNoPromoter_41_shuffled	1	56	48	58
DNasePeakNoPromoter_42_shuffled	1	179	63	77
DNasePeakNoPromoter_43_shuffled	1	53	39	64
DNasePeakNoPromoter_44_shuffled	1	114	44	18
DNasePeakNoPromoter_45_shuffled	1	70	17	19
DNasePeakNoPromoter_46_shuffled	1	47	25	36
DNasePeakNoPromoter_47_shuffled	1	63	30	40
DNasePeakNoPromoter_48_shuffled	1	194	72	59
DNasePeakNoPromoter_49_shuffled	1	54	23	34
DNasePeakNoPromoter_50_shuffled	1	122	47	71
DNasePeakNoPromoter_51_shuffled	1	54	47	29
DNasePeakNoPromoter_52_shuffled	1	102	43	50
DNasePeakNoPromoter_53_shuffled	1	185	81	119
DNasePeakNoPromoter_54_shuffled	1	36	4	29
DNasePeakNoPromoter_55_shuffled	1	31	16	28
DNasePeakNoPromoter_56_shuffled	1	198	88	62
DNasePeakNoPromoter_57_shuffled	1	77	23	33
DNasePeakNoPromoter_58_shuffled	1	146	73	54
DNasePeakNoPromoter_59_shuffled	1	292	139	90
DNasePeakNoPromoter_60_shuffled	1	172	69	74
DNasePeakNoPromoter_61_shuffled	1	254	86	93
DNasePeakNoPromoter_62_shuffled	1	85	67	54
DNasePeakNoPromoter_63_shuffled	1	145	49	56
DNasePeakNoPromoter_64_shuffled	1	75	30	32
DNasePeakNoPromoter_65_shuffled	1	81	36	35
DNasePeakNoPromoter_66_shuffled	1	165	64	74
DNasePeakNoPromoter_67_shuffled	1	63	18	26
DNasePeakNoPromoter_68_shuffled	1	46	12	26
DNasePeakNoPromoter_69_shuffled	1	52	28	42
DNasePeakNoPromoter_70_shuffled	1	82	25	44
DNasePeakNoPromoter_71_shuffled	1	73	3	24
DNasePeakNoPromoter_72_shuffled	1	52	32	20
DNasePeakNoPromoter_73_shuffled	1	172	54	75
DNasePeakNoPromoter_74_shuffled	1	223	61	145
DNasePeakNoPromoter_75_shuffled	1	157	51	51
DNasePeakNoPromoter_76_shuffled	1	39	37	35
DNasePeakNoPromoter_77_shuffled	1	144	77	93
DNasePeakNoPromoter_78_shuffled	1	173	66	109
DNasePeakNoPromoter_79_shuffled	1	178	82	87
DNasePeakNoPromoter_80_shuffled	1	97	42	67
DNasePeakNoPromoter_81_shuffled	1	72	28	22
DNasePeakNoPromoter_82_shuffled	1	108	48	37
DNasePeakNoPromoter_83_shuffled	1	145	66	69
DNasePeakNoPromoter_84_shuffled	1	145	40	49
DNasePeakNoPromoter_85_shuffled	1	77	40	51
DNasePeakNoPromoter_86_shuffled	1	88	56	40
DNasePeakNoPromoter_87_shuffled	1	129	64	90
DNasePeakNoPromoter_88_shuffled	1	154	51	40
DNasePeakNoPromoter_89_shuffled	1	109	45	41
DNasePeakNoPromoter_90_shuffled	1	87	18	30
DNasePeakNoPromoter_91_shuffled	1	199	83	71
DNasePeakNoPromoter_92_shuffled	1	129	63	70
DNasePeakNoPromoter_93_shuffled	1	149	62	56
DNasePeakNoPromoter_94_shuffled	1	131	57	56
DNasePeakNoPromoter_95_shuffled	1	83	18	40
DNasePeakNoPromoter_96_shuffled	1	176	101	96
DNasePeakNoPromoter_97_shuffled	1	168	69	56
DNasePeakNoPromoter_98_shuffled	1	146	86	73
DNasePeakNoPromoter_99_shuffled	1	141	53	50
DNasePeakNoPromoter_100_shuffled	1	93	41	54
genomic_random_01	2	173	26	36
genomic_random_02	2	222	29	64
genomic_random_03	2	111	22	6
genomic_random_04	2	125	23	26
genomic_random_05	2	503	60	74
genomic_random_06	2	69	10	5
genomic_random_07	2	331	84	54
genomic_random_08	2	306	24	53
genomic_random_09	2	621	64	51
genomic_random_10	2	141	32	15
genomic_random_11	2	182	17	35
genomic_random_12	2	114	15	20
genomic_random_13	2	196	34	48
genomic_random_14	2	311	58	24
genomic_random_15	2	346	43	50
genomic_random_16	2	691	79	98
genomic_random_17	2	319	49	57
genomic_random_18	2	584	51	68
genomic_random_19	2	169	27	13
genomic_random_20	2	266	40	37
genomic_random_21	2	456	72	121
genomic_random_22	2	342	15	78
genomic_random_23	2	243	33	84
genomic_random_24	2	275	17	17
genomic_random_25	2	136	28	25
genomic_random_26	2	26	0	1
genomic_random_27	2	405	39	71
genomic_random_28	2	768	86	107
genomic_random_29	2	156	31	14
genomic_random_30	2	165	18	24
genomic_random_31	2	117	1	7
genomic_random_32	2	196	31	49
genomic_random_33	2	327	17	48
genomic_random_34	2	180	40	19
genomic_random_35	2	116	12	16
genomic_random_36	2	195	4	12
genomic_random_37	2	445	61	83
genomic_random_38	2	507	79	99
genomic_random_39	2	486	69	70
genomic_random_40	2	462	48	51
genomic_random_41	2	439	81	101
genomic_random_42	2	171	27	20
genomic_random_43	2	436	49	82
genomic_random_44	2	72	9	18
genomic_random_45	2	477	53	57
genomic_random_46	2	273	21	41
genomic_random_47	2	323	51	32
genomic_random_48	2	425	54	75
genomic_random_49	2	422	16	58
genomic_random_50	2	111	3	22
SLEA_top_01	2	658	255	190
SLEA_top_02	2	508	282	87
SLEA_top_03	2	326	182	103
SLEA_top_04	2	923	397	228
SLEA_top_05	2	488	380	123
SLEA_top_06	2	893	331	184
SLEA_top_07	2	241	213	48
SLEA_top_08	2	473	163	131
SLEA_top_09	2	459	216	167
SLEA_top_10	2	460	114	103
SLEA_top_11	2	517	334	68
SLEA_top_12	2	217	222	117
SLEA_top_13	2	485	166	115
SLEA_top_14	2	462	157	71
SLEA_top_15	2	379	290	119
SLEA_top_16	2	383	96	79
SLEA_top_17	2	744	525	173
SLEA_top_18	2	809	175	139
SLEA_top_19	2	507	192	149
SLEA_top_20	2	498	227	156
SLEA_top_21	2	379	147	85
SLEA_top_22	2	433	234	99
SLEA_top_23	2	278	106	42
SLEA_top_24	2	629	338	114
SLEA_top_25	2	235	94	61
SLEA_top_26	2	523	176	140
SLEA_top_27	2	412	222	142
SLEA_top_28	2	555	244	131
SLEA_top_29	2	805	138	129
SLEA_top_30	2	489	195	89
SLEA_top_31	2	513	426	151
SLEA_top_32	2	423	136	135
SLEA_top_33	2	651	303	179
SLEA_top_34	2	591	325	102
SLEA_top_35	2	711	162	135
SLEA_top_36	2	431	229	141
SLEA_top_37	2	530	277	140
SLEA_top_38	2	345	89	145
SLEA_top_39	2	217	97	25
SLEA_top_40	2	70	30	14
SLEA_top_41	2	373	150	68
SLEA_top_42	2	519	412	167
SLEA_top_43	2	492	365	126
SLEA_top_44	2	327	188	89
SLEA_top_45	2	490	219	134
SLEA_top_46	2	390	99	151
SLEA_top_47	2	412	100	73
SLEA_top_48	2	483	117	113
SLEA_top_49	2	355	291	115
SLEA_top_50	2	531	312	75
SLEA_bottom_01	2	560	106	98
SLEA_bottom_02	2	248	77	69
SLEA_bottom_03	2	485	129	118
SLEA_bottom_04	2	222	54	65
SLEA_bottom_05	2	331	72	70
SLEA_bottom_06	2	449	309	101
SLEA_bottom_07	2	602	160	136
SLEA_bottom_08	2	460	109	110
SLEA_bottom_09	2	450	107	73
SLEA_bottom_10	2	407	56	81
SLEA_bottom_11	2	409	61	83
SLEA_bottom_12	2	572	156	153
SLEA_bottom_13	2	623	207	184
SLEA_bottom_14	2	579	105	121
SLEA_bottom_15	2	571	105	119
SLEA_bottom_16	2	414	74	77
SLEA_bottom_17	2	713	197	166
SLEA_bottom_18	2	474	88	78
SLEA_bottom_19	2	639	217	168
SLEA_bottom_20	2	291	87	18
SLEA_bottom_21	2	369	76	79
SLEA_bottom_22	2	474	96	69
SLEA_bottom_23	2	573	78	170
SLEA_bottom_24	2	471	92	76
SLEA_bottom_25	2	443	80	71
SLEA_bottom_26	2	554	312	172
SLEA_bottom_27	2	623	89	124
SLEA_bottom_28	2	468	120	134
SLEA_bottom_29	2	365	101	116
SLEA_bottom_30	2	335	113	107
SLEA_bottom_31	2	504	70	80
SLEA_bottom_32	2	709	207	156
SLEA_bottom_33	2	484	139	145
SLEA_bottom_34	2	358	73	75
SLEA_bottom_35	2	558	102	98
SLEA_bottom_36	2	419	67	76
SLEA_bottom_37	2	470	116	58
SLEA_bottom_38	2	609	88	137
SLEA_bottom_39	2	725	134	123
SLEA_bottom_40	2	264	82	40
SLEA_bottom_41	2	155	40	34
SLEA_bottom_42	2	213	66	47
SLEA_bottom_43	2	457	97	76
SLEA_bottom_44	2	318	70	69
SLEA_bottom_45	2	352	108	108
SLEA_bottom_46	2	379	96	107
SLEA_bottom_47	2	449	299	94
SLEA_bottom_48	2	184	48	62
SLEA_bottom_49	2	647	76	120
SLEA_bottom_50	2	564	328	169
DNasePeakNoPromoter_lowest_01	2	544	63	73
DNasePeakNoPromoter_lowest_02	2	1264	185	86
DNasePeakNoPromoter_lowest_03	2	320	30	18
DNasePeakNoPromoter_lowest_04	2	423	107	35
DNasePeakNoPromoter_lowest_05	2	396	79	40
DNasePeakNoPromoter_lowest_06	2	790	93	56
DNasePeakNoPromoter_lowest_07	2	145	7	14
DNasePeakNoPromoter_lowest_08	2	320	63	28
DNasePeakNoPromoter_lowest_09	2	425	86	67
DNasePeakNoPromoter_lowest_10	2	253	35	5
DNasePeakNoPromoter_lowest_11	2	399	38	27
DNasePeakNoPromoter_lowest_12	2	182	19	12
DNasePeakNoPromoter_lowest_13	2	198	15	7
DNasePeakNoPromoter_lowest_14	2	501	88	44
DNasePeakNoPromoter_lowest_15	2	740	73	107
DNasePeakNoPromoter_lowest_16	2	707	86	123
DNasePeakNoPromoter_lowest_17	2	126	51	13
DNasePeakNoPromoter_lowest_18	2	302	67	40
DNasePeakNoPromoter_lowest_19	2	843	129	60
DNasePeakNoPromoter_lowest_20	2	215	26	16
DNasePeakNoPromoter_lowest_21	2	206	42	32
DNasePeakNoPromoter_lowest_22	2	152	24	18
DNasePeakNoPromoter_lowest_23	2	432	90	65
DNasePeakNoPromoter_lowest_24	2	414	58	35
DNasePeakNoPromoter_lowest_25	2	63	23	6
DNasePeakNoPromoter_lowest_26	2	42	7	6
DNasePeakNoPromoter_lowest_27	2	461	79	24
DNasePeakNoPromoter_lowest_28	2	474	60	34
DNasePeakNoPromoter_lowest_29	2	475	51	58
DNasePeakNoPromoter_lowest_30	2	512	57	53
DNasePeakNoPromoter_lowest_31	2	504	65	36
DNasePeakNoPromoter_lowest_32	2	387	36	20
DNasePeakNoPromoter_lowest_33	2	565	69	89
DNasePeakNoPromoter_lowest_34	2	383	56	38
DNasePeakNoPromoter_lowest_35	2	52	24	11
DNasePeakNoPromoter_lowest_36	2	555	75	33
DNasePeakNoPromoter_lowest_37	2	345	59	35
DNasePeakNoPromoter_lowest_38	2	473	92	50
DNasePeakNoPromoter_lowest_39	2	188	46	40
DNasePeakNoPromoter_lowest_40	2	517	42	25
DNasePeakNoPromoter_lowest_41	2	344	78	27
DNasePeakNoPromoter_lowest_42	2	119	10	12
DNasePeakNoPromoter_lowest_43	2	660	105	101
DNasePeakNoPromoter_lowest_44	2	339	38	16
DNasePeakNoPromoter_lowest_45	2	407	83	86
DNasePeakNoPromoter_lowest_46	2	166	56	8
DNasePeakNoPromoter_lowest_47	2	144	45	12
DNasePeakNoPromoter_lowest_48	2	480	26	46
DNasePeakNoPromoter_lowest_49	2	586	62	49
DNasePeakNoPromoter_lowest_50	2	383	32	65
DNasePeakNoPromoter_01	2	388	98	60
DNasePeakNoPromoter_02	2	481	100	89
DNasePeakNoPromoter_03	2	705	91	112
DNasePeakNoPromoter_04	2	367	48	62
DNasePeakNoPromoter_05	2	493	110	100
DNasePeakNoPromoter_06	2	307	64	94
DNasePeakNoPromoter_07	2	273	56	31
DNasePeakNoPromoter_08	2	544	161	100
DNasePeakNoPromoter_09	2	545	112	90
DNasePeakNoPromoter_10	2	400	38	79
DNasePeakNoPromoter_11	2	276	112	55
DNasePeakNoPromoter_12	2	629	65	66
DNasePeakNoPromoter_13	2	213	69	29
DNasePeakNoPromoter_14	2	624	91	98
DNasePeakNoPromoter_15	2	398	108	86
DNasePeakNoPromoter_16	2	351	81	62
DNasePeakNoPromoter_17	2	353	45	55
DNasePeakNoPromoter_18	2	178	36	62
DNasePeakNoPromoter_19	2	326	92	56
DNasePeakNoPromoter_20	2	314	76	46
DNasePeakNoPromoter_21	2	225	31	38
DNasePeakNoPromoter_22	2	421	56	52
DNasePeakNoPromoter_23	2	576	71	71
DNasePeakNoPromoter_24	2	538	55	91
DNasePeakNoPromoter_25	2	424	45	42
DNasePeakNoPromoter_26	2	1162	200	171
DNasePeakNoPromoter_27	2	522	97	70
DNasePeakNoPromoter_28	2	289	64	44
DNasePeakNoPromoter_29	2	145	26	33
DNasePeakNoPromoter_30	2	257	46	70
DNasePeakNoPromoter_31	2	298	44	21
DNasePeakNoPromoter_32	2	272	80	91
DNasePeakNoPromoter_33	2	442	85	101
DNasePeakNoPromoter_34	2	446	56	40
DNasePeakNoPromoter_35	2	351	41	50
DNasePeakNoPromoter_36	2	290	40	49
DNasePeakNoPromoter_37	2	510	115	56
DNasePeakNoPromoter_38	2	236	26	33
DNasePeakNoPromoter_39	2	454	64	61
DNasePeakNoPromoter_40	2	196	33	41
DNasePeakNoPromoter_41	2	0	0	0
DNasePeakNoPromoter_42	2	534	49	62
DNasePeakNoPromoter_43	2	367	92	79
DNasePeakNoPromoter_44	2	386	67	121
DNasePeakNoPromoter_45	2	125	64	39
DNasePeakNoPromoter_46	2	470	108	118
DNasePeakNoPromoter_47	2	265	61	81
DNasePeakNoPromoter_48	2	356	73	103
DNasePeakNoPromoter_49	2	371	113	116
DNasePeakNoPromoter_50	2	1306	197	249
DNasePeakNoPromoter_51	2	404	77	91
DNasePeakNoPromoter_52	2	473	41	84
DNasePeakNoPromoter_53	2	162	36	38
DNasePeakNoPromoter_54	2	808	125	143
DNasePeakNoPromoter_55	2	430	50	84
DNasePeakNoPromoter_56	2	446	44	51
DNasePeakNoPromoter_57	2	274	98	80
DNasePeakNoPromoter_58	2	251	91	38
DNasePeakNoPromoter_59	2	818	263	269
DNasePeakNoPromoter_60	2	480	94	153
DNasePeakNoPromoter_61	2	361	89	50
DNasePeakNoPromoter_62	2	361	48	69
DNasePeakNoPromoter_63	2	403	53	59
DNasePeakNoPromoter_64	2	262	100	76
DNasePeakNoPromoter_65	2	378	50	88
DNasePeakNoPromoter_66	2	142	51	14
DNasePeakNoPromoter_67	2	410	125	105
DNasePeakNoPromoter_68	2	299	61	35
DNasePeakNoPromoter_69	2	89	13	14
DNasePeakNoPromoter_70	2	304	42	41
DNasePeakNoPromoter_71	2	197	47	45
DNasePeakNoPromoter_72	2	395	56	80
DNasePeakNoPromoter_73	2	814	158	157
DNasePeakNoPromoter_74	2	405	71	41
DNasePeakNoPromoter_75	2	467	58	86
DNasePeakNoPromoter_76	2	413	103	83
DNasePeakNoPromoter_77	2	352	110	108
DNasePeakNoPromoter_78	2	189	19	25
DNasePeakNoPromoter_79	2	293	48	43
DNasePeakNoPromoter_80	2	422	105	108
DNasePeakNoPromoter_81	2	760	190	165
DNasePeakNoPromoter_82	2	826	224	131
DNasePeakNoPromoter_83	2	589	143	75
DNasePeakNoPromoter_84	2	187	32	27
DNasePeakNoPromoter_85	2	554	255	132
DNasePeakNoPromoter_86	2	511	63	111
DNasePeakNoPromoter_87	2	431	128	75
DNasePeakNoPromoter_88	2	432	78	74
DNasePeakNoPromoter_89	2	525	103	123
DNasePeakNoPromoter_90	2	245	27	19
DNasePeakNoPromoter_91	2	443	53	48
DNasePeakNoPromoter_92	2	524	297	141
DNasePeakNoPromoter_93	2	855	171	167
DNasePeakNoPromoter_94	2	270	52	48
DNasePeakNoPromoter_95	2	368	37	71
DNasePeakNoPromoter_96	2	586	127	172
DNasePeakNoPromoter_97	2	298	19	42
DNasePeakNoPromoter_98	2	355	107	82
DNasePeakNoPromoter_99	2	380	71	60
DNasePeakNoPromoter_100	2	341	70	57
DNasePeakNoPromoter_01_shuffled	2	484	57	76
DNasePeakNoPromoter_02_shuffled	2	275	24	16
DNasePeakNoPromoter_03_shuffled	2	249	30	39
DNasePeakNoPromoter_04_shuffled	2	457	38	76
DNasePeakNoPromoter_05_shuffled	2	245	47	60
DNasePeakNoPromoter_06_shuffled	2	313	28	33
DNasePeakNoPromoter_07_shuffled	2	265	41	42
DNasePeakNoPromoter_08_shuffled	2	259	22	24
DNasePeakNoPromoter_09_shuffled	2	391	48	56
DNasePeakNoPromoter_10_shuffled	2	295	22	27
DNasePeakNoPromoter_11_shuffled	2	441	76	62
DNasePeakNoPromoter_12_shuffled	2	379	71	40
DNasePeakNoPromoter_13_shuffled	2	458	50	61
DNasePeakNoPromoter_14_shuffled	2	396	17	77
DNasePeakNoPromoter_15_shuffled	2	110	6	27
DNasePeakNoPromoter_16_shuffled	2	340	73	35
DNasePeakNoPromoter_17_shuffled	2	165	23	16
DNasePeakNoPromoter_18_shuffled	2	259	1	38
DNasePeakNoPromoter_19_shuffled	2	348	29	57
DNasePeakNoPromoter_20_shuffled	2	73	29	13
DNasePeakNoPromoter_21_shuffled	2	429	46	47
DNasePeakNoPromoter_22_shuffled	2	371	64	46
DNasePeakNoPromoter_23_shuffled	2	265	38	56
DNasePeakNoPromoter_24_shuffled	2	52	11	9
DNasePeakNoPromoter_25_shuffled	2	328	40	85
DNasePeakNoPromoter_26_shuffled	2	856	87	84
DNasePeakNoPromoter_27_shuffled	2	399	52	55
DNasePeakNoPromoter_28_shuffled	2	178	5	3
DNasePeakNoPromoter_29_shuffled	2	406	51	22
DNasePeakNoPromoter_30_shuffled	2	370	32	64
DNasePeakNoPromoter_31_shuffled	2	119	14	20
DNasePeakNoPromoter_32_shuffled	2	80	25	24
DNasePeakNoPromoter_33_shuffled	2	270	32	18
DNasePeakNoPromoter_34_shuffled	2	331	63	46
DNasePeakNoPromoter_35_shuffled	2	192	14	36
DNasePeakNoPromoter_36_shuffled	2	128	24	21
DNasePeakNoPromoter_37_shuffled	2	356	64	40
DNasePeakNoPromoter_38_shuffled	2	174	44	29
DNasePeakNoPromoter_39_shuffled	2	245	31	17
DNasePeakNoPromoter_40_shuffled	2	382	41	72
DNasePeakNoPromoter_41_shuffled	2	211	7	18
DNasePeakNoPromoter_42_shuffled	2	770	82	92
DNasePeakNoPromoter_43_shuffled	2	252	38	56
DNasePeakNoPromoter_44_shuffled	2	393	25	68
DNasePeakNoPromoter_45_shuffled	2	200	29	37
DNasePeakNoPromoter_46_shuffled	2	237	17	46
DNasePeakNoPromoter_47_shuffled	2	245	12	42
DNasePeakNoPromoter_48_shuffled	2	560	79	84
DNasePeakNoPromoter_49_shuffled	2	226	33	26
DNasePeakNoPromoter_50_shuffled	2	339	47	40
DNasePeakNoPromoter_51_shuffled	2	239	28	35
DNasePeakNoPromoter_52_shuffled	2	407	53	40
DNasePeakNoPromoter_53_shuffled	2	603	85	108
DNasePeakNoPromoter_54_shuffled	2	121	14	3
DNasePeakNoPromoter_55_shuffled	2	87	26	9
DNasePeakNoPromoter_56_shuffled	2	813	70	77
DNasePeakNoPromoter_57_shuffled	2	279	41	67
DNasePeakNoPromoter_58_shuffled	2	575	74	62
DNasePeakNoPromoter_59_shuffled	2	1031	126	142
DNasePeakNoPromoter_60_shuffled	2	592	94	92
DNasePeakNoPromoter_61_shuffled	2	817	108	81
DNasePeakNoPromoter_62_shuffled	2	335	25	27
DNasePeakNoPromoter_63_shuffled	2	566	93	54
DNasePeakNoPromoter_64_shuffled	2	300	87	46
DNasePeakNoPromoter_65_shuffled	2	345	61	56
DNasePeakNoPromoter_66_shuffled	2	552	64	84
DNasePeakNoPromoter_67_shuffled	2	226	27	39
DNasePeakNoPromoter_68_shuffled	2	181	6	20
DNasePeakNoPromoter_69_shuffled	2	190	17	26
DNasePeakNoPromoter_70_shuffled	2	267	18	41
DNasePeakNoPromoter_71_shuffled	2	265	31	19
DNasePeakNoPromoter_72_shuffled	2	181	20	37
DNasePeakNoPromoter_73_shuffled	2	693	79	106
DNasePeakNoPromoter_74_shuffled	2	841	88	99
DNasePeakNoPromoter_75_shuffled	2	463	40	89
DNasePeakNoPromoter_76_shuffled	2	213	49	23
DNasePeakNoPromoter_77_shuffled	2	530	53	57
DNasePeakNoPromoter_78_shuffled	2	677	84	84
DNasePeakNoPromoter_79_shuffled	2	607	80	62
DNasePeakNoPromoter_80_shuffled	2	274	33	34
DNasePeakNoPromoter_81_shuffled	2	235	26	35
DNasePeakNoPromoter_82_shuffled	2	346	39	87
DNasePeakNoPromoter_83_shuffled	2	535	61	80
DNasePeakNoPromoter_84_shuffled	2	522	71	98
DNasePeakNoPromoter_85_shuffled	2	388	35	61
DNasePeakNoPromoter_86_shuffled	2	293	42	60
DNasePeakNoPromoter_87_shuffled	2	565	71	51
DNasePeakNoPromoter_88_shuffled	2	618	49	88
DNasePeakNoPromoter_89_shuffled	2	380	37	32
DNasePeakNoPromoter_90_shuffled	2	369	34	41
DNasePeakNoPromoter_91_shuffled	2	705	92	157
DNasePeakNoPromoter_92_shuffled	2	615	38	70
DNasePeakNoPromoter_93_shuffled	2	526	31	44
DNasePeakNoPromoter_94_shuffled	2	405	70	67
DNasePeakNoPromoter_95_shuffled	2	202	29	52
DNasePeakNoPromoter_96_shuffled	2	738	83	106
DNasePeakNoPromoter_97_shuffled	2	661	62	66
DNasePeakNoPromoter_98_shuffled	2	504	84	76
DNasePeakNoPromoter_99_shuffled	2	400	13	59
DNasePeakNoPromoter_100_shuffled	2	415	26	25
genomic_random_01	3	200	36	12
genomic_random_02	3	220	48	42
genomic_random_03	3	84	14	13
genomic_random_04	3	123	25	17
genomic_random_05	3	521	100	76
genomic_random_06	3	94	4	10
genomic_random_07	3	378	81	75
genomic_random_08	3	360	47	38
genomic_random_09	3	707	94	88
genomic_random_10	3	107	37	39
genomic_random_11	3	202	22	27
genomic_random_12	3	145	29	12
genomic_random_13	3	255	13	24
genomic_random_14	3	364	75	58
genomic_random_15	3	385	51	35
genomic_random_16	3	685	124	114
genomic_random_17	3	277	51	15
genomic_random_18	3	614	102	79
genomic_random_19	3	141	11	10
genomic_random_20	3	193	83	25
genomic_random_21	3	434	82	68
genomic_random_22	3	387	57	55
genomic_random_23	3	238	34	30
genomic_random_24	3	271	44	16
genomic_random_25	3	132	59	29
genomic_random_26	3	58	16	12
genomic_random_27	3	409	97	57
genomic_random_28	3	791	146	61
genomic_random_29	3	174	34	12
genomic_random_30	3	235	29	35
genomic_random_31	3	117	37	30
genomic_random_32	3	204	38	29
genomic_random_33	3	319	52	46
genomic_random_34	3	193	38	15
genomic_random_35	3	83	33	21
genomic_random_36	3	134	36	27
genomic_random_37	3	392	64	63
genomic_random_38	3	548	103	53
genomic_random_39	3	500	85	54
genomic_random_40	3	438	74	49
genomic_random_41	3	453	148	87
genomic_random_42	3	159	16	32
genomic_random_43	3	503	89	37
genomic_random_44	3	95	14	0
genomic_random_45	3	498	134	80
genomic_random_46	3	234	14	42
genomic_random_47	3	269	48	44
genomic_random_48	3	485	67	41
genomic_random_49	3	430	28	64
genomic_random_50	3	113	28	25
SLEA_top_01	3	586	323	175
SLEA_top_02	3	417	444	143
SLEA_top_03	3	336	232	102
SLEA_top_04	3	734	554	203
SLEA_top_05	3	437	389	91
SLEA_top_06	3	853	491	195
SLEA_top_07	3	261	219	70
SLEA_top_08	3	451	198	148
SLEA_top_09	3	396	261	153
SLEA_top_10	3	487	196	97
SLEA_top_11	3	490	389	138
SLEA_top_12	3	196	331	92
SLEA_top_13	3	519	186	98
SLEA_top_14	3	467	139	104
SLEA_top_15	3	359	320	102
SLEA_top_16	3	398	230	66
SLEA_top_17	3	682	548	186
SLEA_top_18	3	768	144	155
SLEA_top_19	3	551	340	159
SLEA_top_20	3	626	340	197
SLEA_top_21	3	451	195	73
SLEA_top_22	3	439	322	77
SLEA_top_23	3	270	158	21
SLEA_top_24	3	658	430	146
SLEA_top_25	3	208	101	82
SLEA_top_26	3	534	231	129
SLEA_top_27	3	372	344	80
SLEA_top_28	3	462	310	109
SLEA_top_29	3	762	189	179
SLEA_top_30	3	457	174	105
SLEA_top_31	3	516	477	165
SLEA_top_32	3	470	225	114
SLEA_top_33	3	656	363	207
SLEA_top_34	3	632	402	139
SLEA_top_35	3	751	268	146
SLEA_top_36	3	414	348	73
SLEA_top_37	3	562	401	142
SLEA_top_38	3	385	145	91
SLEA_top_39	3	174	169	47
SLEA_top_40	3	74	36	2
SLEA_top_41	3	428	221	99
SLEA_top_42	3	534	453	165
SLEA_top_43	3	465	442	97
SLEA_top_44	3	361	218	110
SLEA_top_45	3	530	337	159
SLEA_top_46	3	448	159	92
SLEA_top_47	3	398	189	89
SLEA_top_48	3	524	170	101
SLEA_top_49	3	379	315	101
SLEA_top_50	3	507	374	128
SLEA_bottom_01	3	596	129	105
SLEA_bottom_02	3	238	65	32
SLEA_bottom_03	3	443	120	102
SLEA_bottom_04	3	204	44	38
SLEA_bottom_05	3	354	53	71
SLEA_bottom_06	3	440	312	89
SLEA_bottom_07	3	599	199	124
SLEA_bottom_08	3	432	121	90
SLEA_bottom_09	3	427	98	94
SLEA_bottom_10	3	406	72	64
SLEA_bottom_11	3	375	67	60
SLEA_bottom_12	3	624	212	122
SLEA_bottom_13	3	684	383	216
SLEA_bottom_14	3	629	139	94
SLEA_bottom_15	3	616	124	101
SLEA_bottom_16	3	389	71	59
SLEA_bottom_17	3	653	295	172
SLEA_bottom_18	3	468	54	79
SLEA_bottom_19	3	680	376	209
SLEA_bottom_20	3	385	136	42
SLEA_bottom_21	3	399	113	85
SLEA_bottom_22	3	449	128	83
SLEA_bottom_23	3	652	145	151
SLEA_bottom_24	3	529	54	75
SLEA_bottom_25	3	470	129	81
SLEA_bottom_26	3	512	395	140
SLEA_bottom_27	3	638	106	124
SLEA_bottom_28	3	392	122	101
SLEA_bottom_29	3	409	117	83
SLEA_bottom_30	3	378	157	97
SLEA_bottom_31	3	474	67	72
SLEA_bottom_32	3	639	310	165
SLEA_bottom_33	3	387	122	99
SLEA_bottom_34	3	380	82	65
SLEA_bottom_35	3	646	124	110
SLEA_bottom_36	3	408	121	98
SLEA_bottom_37	3	516	188	76
SLEA_bottom_38	3	624	131	151
SLEA_bottom_39	3	721	236	109
SLEA_bottom_40	3	294	74	22
SLEA_bottom_41	3	199	34	24
SLEA_bottom_42	3	257	80	23
SLEA_bottom_43	3	462	84	99
SLEA_bottom_44	3	346	46	65
SLEA_bottom_45	3	375	164	101
SLEA_bottom_46	3	442	119	86
SLEA_bottom_47	3	420	306	89
SLEA_bottom_48	3	211	41	34
SLEA_bottom_49	3	646	101	113
SLEA_bottom_50	3	529	395	137
DNasePeakNoPromoter_lowest_01	3	585	73	50
DNasePeakNoPromoter_lowest_02	3	1103	260	129
DNasePeakNoPromoter_lowest_03	3	344	68	21
DNasePeakNoPromoter_lowest_04	3	443	65	36
DNasePeakNoPromoter_lowest_05	3	353	109	31
DNasePeakNoPromoter_lowest_06	3	944	93	45
DNasePeakNoPromoter_lowest_07	3	123	22	21
DNasePeakNoPromoter_lowest_08	3	317	24	20
DNasePeakNoPromoter_lowest_09	3	508	89	24
DNasePeakNoPromoter_lowest_10	3	241	24	15
DNasePeakNoPromoter_lowest_11	3	423	96	43
DNasePeakNoPromoter_lowest_12	3	165	53	34
DNasePeakNoPromoter_lowest_13	3	193	13	9
DNasePeakNoPromoter_lowest_14	3	430	101	74
DNasePeakNoPromoter_lowest_15	3	792	83	89
DNasePeakNoPromoter_lowest_16	3	711	99	110
DNasePeakNoPromoter_lowest_17	3	109	52	5
DNasePeakNoPromoter_lowest_18	3	260	99	73
DNasePeakNoPromoter_lowest_19	3	860	179	88
DNasePeakNoPromoter_lowest_20	3	208	34	10
DNasePeakNoPromoter_lowest_21	3	247	46	25
DNasePeakNoPromoter_lowest_22	3	134	19	15
DNasePeakNoPromoter_lowest_23	3	505	94	72
DNasePeakNoPromoter_lowest_24	3	451	48	44
DNasePeakNoPromoter_lowest_25	3	82	14	5
DNasePeakNoPromoter_lowest_26	3	35	17	8
DNasePeakNoPromoter_lowest_27	3	522	69	44
DNasePeakNoPromoter_lowest_28	3	436	93	43
DNasePeakNoPromoter_lowest_29	3	418	78	44
DNasePeakNoPromoter_lowest_30	3	559	124	34
DNasePeakNoPromoter_lowest_31	3	489	112	23
DNasePeakNoPromoter_lowest_32	3	363	62	31
DNasePeakNoPromoter_lowest_33	3	564	73	55
DNasePeakNoPromoter_lowest_34	3	536	83	52
DNasePeakNoPromoter_lowest_35	3	81	14	9
DNasePeakNoPromoter_lowest_36	3	500	49	76
DNasePeakNoPromoter_lowest_37	3	365	90	56
DNasePeakNoPromoter_lowest_38	3	489	66	23
DNasePeakNoPromoter_lowest_39	3	191	37	26
DNasePeakNoPromoter_lowest_40	3	524	70	32
DNasePeakNoPromoter_lowest_41	3	311	93	19
DNasePeakNoPromoter_lowest_42	3	139	23	15
DNasePeakNoPromoter_lowest_43	3	761	104	124
DNasePeakNoPromoter_lowest_44	3	344	90	46
DNasePeakNoPromoter_lowest_45	3	461	56	44
DNasePeakNoPromoter_lowest_46	3	200	49	6
DNasePeakNoPromoter_lowest_47	3	123	13	12
DNasePeakNoPromoter_lowest_48	3	533	57	21
DNasePeakNoPromoter_lowest_49	3	549	38	28
DNasePeakNoPromoter_lowest_50	3	329	44	56
DNasePeakNoPromoter_01	3	394	84	84
DNasePeakNoPromoter_02	3	406	83	93
DNasePeakNoPromoter_03	3	692	174	85
DNasePeakNoPromoter_04	3	444	126	57
DNasePeakNoPromoter_05	3	450	129	126
DNasePeakNoPromoter_06	3	387	103	80
DNasePeakNoPromoter_07	3	265	69	76
DNasePeakNoPromoter_08	3	554	197	159
DNasePeakNoPromoter_09	3	558	133	107
DNasePeakNoPromoter_10	3	362	122	83
DNasePeakNoPromoter_11	3	375	55	53
DNasePeakNoPromoter_12	3	686	97	113
DNasePeakNoPromoter_13	3	233	47	37
DNasePeakNoPromoter_14	3	577	123	106
DNasePeakNoPromoter_15	3	399	134	96
DNasePeakNoPromoter_16	3	372	67	100
DNasePeakNoPromoter_17	3	353	75	84
DNasePeakNoPromoter_18	3	223	49	45
DNasePeakNoPromoter_19	3	292	69	55
DNasePeakNoPromoter_20	3	368	76	60
DNasePeakNoPromoter_21	3	220	34	26
DNasePeakNoPromoter_22	3	412	81	57
DNasePeakNoPromoter_23	3	533	59	85
DNasePeakNoPromoter_24	3	565	79	70
DNasePeakNoPromoter_25	3	399	87	42
DNasePeakNoPromoter_26	3	1175	226	196
DNasePeakNoPromoter_27	3	566	153	142
DNasePeakNoPromoter_28	3	321	88	45
DNasePeakNoPromoter_29	3	156	27	34
DNasePeakNoPromoter_30	3	207	70	25
DNasePeakNoPromoter_31	3	260	35	34
DNasePeakNoPromoter_32	3	268	139	71
DNasePeakNoPromoter_33	3	456	143	112
DNasePeakNoPromoter_34	3	383	70	71
DNasePeakNoPromoter_35	3	332	46	33
DNasePeakNoPromoter_36	3	316	50	48
DNasePeakNoPromoter_37	3	560	183	95
DNasePeakNoPromoter_38	3	257	29	27
DNasePeakNoPromoter_39	3	501	110	50
DNasePeakNoPromoter_40	3	218	25	22
DNasePeakNoPromoter_41	3	0	0	0
DNasePeakNoPromoter_42	3	562	80	71
DNasePeakNoPromoter_43	3	374	147	100
DNasePeakNoPromoter_44	3	400	119	91
DNasePeakNoPromoter_45	3	157	51	18
DNasePeakNoPromoter_46	3	431	122	74
DNasePeakNoPromoter_47	3	303	88	74
DNasePeakNoPromoter_48	3	356	141	67
DNasePeakNoPromoter_49	3	459	133	112
DNasePeakNoPromoter_50	3	1204	306	198
DNasePeakNoPromoter_51	3	408	111	100
DNasePeakNoPromoter_52	3	490	112	101
DNasePeakNoPromoter_53	3	199	39	19
DNasePeakNoPromoter_54	3	717	184	173
DNasePeakNoPromoter_55	3	399	70	73
DNasePeakNoPromoter_56	3	485	127	74
DNasePeakNoPromoter_57	3	352	148	105
DNasePeakNoPromoter_58	3	225	60	48
DNasePeakNoPromoter_59	3	906	291	227
DNasePeakNoPromoter_60	3	537	200	162
DNasePeakNoPromoter_61	3	293	132	66
DNasePeakNoPromoter_62	3	351	70	83
DNasePeakNoPromoter_63	3	436	67	44
DNasePeakNoPromoter_64	3	253	136	81
DNasePeakNoPromoter_65	3	458	62	60
DNasePeakNoPromoter_66	3	153	66	25
DNasePeakNoPromoter_67	3	399	133	67
DNasePeakNoPromoter_68	3	291	69	27
DNasePeakNoPromoter_69	3	90	15	10
DNasePeakNoPromoter_70	3	285	135	38
DNasePeakNoPromoter_71	3	174	78	28
DNasePeakNoPromoter_72	3	398	105	37
DNasePeakNoPromoter_73	3	775	194	169
DNasePeakNoPromoter_74	3	394	82	51
DNasePeakNoPromoter_75	3	486	108	67
DNasePeakNoPromoter_76	3	373	117	78
DNasePeakNoPromoter_77	3	331	104	96
DNasePeakNoPromoter_78	3	231	46	47
DNasePeakNoPromoter_79	3	385	77	62
DNasePeakNoPromoter_80	3	446	63	55
DNasePeakNoPromoter_81	3	752	229	161
DNasePeakNoPromoter_82	3	919	269	139
DNasePeakNoPromoter_83	3	620	129	98
DNasePeakNoPromoter_84	3	132	55	22
DNasePeakNoPromoter_85	3	485	273	139
DNasePeakNoPromoter_86	3	577	131	92
DNasePeakNoPromoter_87	3	423	164	120
DNasePeakNoPromoter_88	3	477	79	66
DNasePeakNoPromoter_89	3	553	157	135
DNasePeakNoPromoter_90	3	220	82	71
DNasePeakNoPromoter_91	3	485	76	45
DNasePeakNoPromoter_92	3	600	379	145
DNasePeakNoPromoter_93	3	716	246	84
DNasePeakNoPromoter_94	3	257	97	38
DNasePeakNoPromoter_95	3	322	51	69
DNasePeakNoPromoter_96	3	670	121	100
DNasePeakNoPromoter_97	3	307	53	21
DNasePeakNoPromoter_98	3	476	118	67
DNasePeakNoPromoter_99	3	394	89	57
DNasePeakNoPromoter_100	3	359	66	49
DNasePeakNoPromoter_01_shuffled	3	527	96	71
DNasePeakNoPromoter_02_shuffled	3	253	28	21
DNasePeakNoPromoter_03_shuffled	3	294	58	37
DNasePeakNoPromoter_04_shuffled	3	405	52	59
DNasePeakNoPromoter_05_shuffled	3	268	47	66
DNasePeakNoPromoter_06_shuffled	3	274	72	65
DNasePeakNoPromoter_07_shuffled	3	320	30	19
DNasePeakNoPromoter_08_shuffled	3	216	31	31
DNasePeakNoPromoter_09_shuffled	3	385	30	79
DNasePeakNoPromoter_10_shuffled	3	273	32	55
DNasePeakNoPromoter_11_shuffled	3	448	56	26
DNasePeakNoPromoter_12_shuffled	3	311	84	30
DNasePeakNoPromoter_13_shuffled	3	538	28	27
DNasePeakNoPromoter_14_shuffled	3	389	38	56
DNasePeakNoPromoter_15_shuffled	3	196	24	12
DNasePeakNoPromoter_16_shuffled	3	401	55	54
DNasePeakNoPromoter_17_shuffled	3	137	20	7
DNasePeakNoPromoter_18_shuffled	3	253	40	42
DNasePeakNoPromoter_19_shuffled	3	288	42	44
DNasePeakNoPromoter_20_shuffled	3	97	1	13
DNasePeakNoPromoter_21_shuffled	3	337	52	60
DNasePeakNoPromoter_22_shuffled	3	409	52	37
DNasePeakNoPromoter_23_shuffled	3	245	40	31
DNasePeakNoPromoter_24_shuffled	3	70	6	9
DNasePeakNoPromoter_25_shuffled	3	365	63	61
DNasePeakNoPromoter_26_shuffled	3	974	152	79
DNasePeakNoPromoter_27_shuffled	3	402	38	35
DNasePeakNoPromoter_28_shuffled	3	121	14	7
DNasePeakNoPromoter_29_shuffled	3	337	56	66
DNasePeakNoPromoter_30_shuffled	3	334	62	39
DNasePeakNoPromoter_31_shuffled	3	114	30	5
DNasePeakNoPromoter_32_shuffled	3	86	6	13
DNasePeakNoPromoter_33_shuffled	3	281	51	77
DNasePeakNoPromoter_34_shuffled	3	359	81	30
DNasePeakNoPromoter_35_shuffled	3	340	24	31
DNasePeakNoPromoter_36_shuffled	3	151	22	10
DNasePeakNoPromoter_37_shuffled	3	401	91	24
DNasePeakNoPromoter_38_shuffled	3	199	58	28
DNasePeakNoPromoter_39_shuffled	3	270	24	32
DNasePeakNoPromoter_40_shuffled	3	355	51	65
DNasePeakNoPromoter_41_shuffled	3	251	35	43
DNasePeakNoPromoter_42_shuffled	3	753	169	96
DNasePeakNoPromoter_43_shuffled	3	208	43	34
DNasePeakNoPromoter_44_shuffled	3	442	51	65
DNasePeakNoPromoter_45_shuffled	3	182	10	17
DNasePeakNoPromoter_46_shuffled	3	226	58	18
DNasePeakNoPromoter_47_shuffled	3	258	40	30
DNasePeakNoPromoter_48_shuffled	3	528	106	77
DNasePeakNoPromoter_49_shuffled	3	209	49	30
DNasePeakNoPromoter_50_shuffled	3	330	65	33
DNasePeakNoPromoter_51_shuffled	3	182	33	34
DNasePeakNoPromoter_52_shuffled	3	379	44	79
DNasePeakNoPromoter_53_shuffled	3	688	134	69
DNasePeakNoPromoter_54_shuffled	3	78	13	22
DNasePeakNoPromoter_55_shuffled	3	80	18	12
DNasePeakNoPromoter_56_shuffled	3	769	121	114
DNasePeakNoPromoter_57_shuffled	3	287	77	46
DNasePeakNoPromoter_58_shuffled	3	678	93	80
DNasePeakNoPromoter_59_shuffled	3	1070	169	100
DNasePeakNoPromoter_60_shuffled	3	613	90	101
DNasePeakNoPromoter_61_shuffled	3	801	105	108
DNasePeakNoPromoter_62_shuffled	3	324	92	72
DNasePeakNoPromoter_63_shuffled	3	491	84	83
DNasePeakNoPromoter_64_shuffled	3	317	68	46
DNasePeakNoPromoter_65_shuffled	3	310	81	39
DNasePeakNoPromoter_66_shuffled	3	539	107	39
DNasePeakNoPromoter_67_shuffled	3	187	29	33
DNasePeakNoPromoter_68_shuffled	3	157	32	16
DNasePeakNoPromoter_69_shuffled	3	145	24	27
DNasePeakNoPromoter_70_shuffled	3	293	35	29
DNasePeakNoPromoter_71_shuffled	3	251	51	45
DNasePeakNoPromoter_72_shuffled	3	217	39	35
DNasePeakNoPromoter_73_shuffled	3	667	102	104
DNasePeakNoPromoter_74_shuffled	3	866	141	141
DNasePeakNoPromoter_75_shuffled	3	523	57	55
DNasePeakNoPromoter_76_shuffled	3	186	34	10
DNasePeakNoPromoter_77_shuffled	3	592	43	55
DNasePeakNoPromoter_78_shuffled	3	763	157	120
DNasePeakNoPromoter_79_shuffled	3	624	48	78
DNasePeakNoPromoter_80_shuffled	3	285	20	42
DNasePeakNoPromoter_81_shuffled	3	232	44	17
DNasePeakNoPromoter_82_shuffled	3	395	29	60
DNasePeakNoPromoter_83_shuffled	3	496	102	65
DNasePeakNoPromoter_84_shuffled	3	588	48	56
DNasePeakNoPromoter_85_shuffled	3	316	33	50
DNasePeakNoPromoter_86_shuffled	3	285	38	30
DNasePeakNoPromoter_87_shuffled	3	538	33	77
DNasePeakNoPromoter_88_shuffled	3	650	81	53
DNasePeakNoPromoter_89_shuffled	3	300	69	48
DNasePeakNoPromoter_90_shuffled	3	302	23	36
DNasePeakNoPromoter_91_shuffled	3	794	102	92
DNasePeakNoPromoter_92_shuffled	3	613	58	87
DNasePeakNoPromoter_93_shuffled	3	474	69	42
DNasePeakNoPromoter_94_shuffled	3	390	66	94
DNasePeakNoPromoter_95_shuffled	3	276	31	44
DNasePeakNoPromoter_96_shuffled	3	791	112	65
DNasePeakNoPromoter_97_shuffled	3	596	83	51
DNasePeakNoPromoter_98_shuffled	3	586	84	73
DNasePeakNoPromoter_99_shuffled	3	444	45	73
DNasePeakNoPromoter_100_shuffled	3	304	40	28